{"latitud": 19.5228166649, "longitud": -99.1678551529}